{
  "hash": "564e0867",
  "configHash": "133bb054",
  "lockfileHash": "037d2772",
  "browserHash": "5d2e711c",
  "optimized": {
    "@angular/common": {
      "src": "../../../../../node_modules/@angular/common/fesm2022/common.mjs",
      "file": "@angular_common.js",
      "fileHash": "4b93ad7e",
      "needsInterop": false
    },
    "@angular/common/http": {
      "src": "../../../../../node_modules/@angular/common/fesm2022/http.mjs",
      "file": "@angular_common_http.js",
      "fileHash": "3e0920a6",
      "needsInterop": false
    },
    "@angular/core": {
      "src": "../../../../../node_modules/@angular/core/fesm2022/core.mjs",
      "file": "@angular_core.js",
      "fileHash": "2c676df4",
      "needsInterop": false
    },
    "@angular/forms": {
      "src": "../../../../../node_modules/@angular/forms/fesm2022/forms.mjs",
      "file": "@angular_forms.js",
      "fileHash": "ca0fe950",
      "needsInterop": false
    },
    "@angular/platform-browser": {
      "src": "../../../../../node_modules/@angular/platform-browser/fesm2022/platform-browser.mjs",
      "file": "@angular_platform-browser.js",
      "fileHash": "755e2dfd",
      "needsInterop": false
    },
    "@angular/router": {
      "src": "../../../../../node_modules/@angular/router/fesm2022/router.mjs",
      "file": "@angular_router.js",
      "fileHash": "d3fbc66b",
      "needsInterop": false
    },
    "@ngx-translate/core": {
      "src": "../../../../../node_modules/@ngx-translate/core/fesm2022/ngx-translate-core.mjs",
      "file": "@ngx-translate_core.js",
      "fileHash": "61a23cc8",
      "needsInterop": false
    },
    "@ngx-translate/http-loader": {
      "src": "../../../../../node_modules/@ngx-translate/http-loader/fesm2022/ngx-translate-http-loader.mjs",
      "file": "@ngx-translate_http-loader.js",
      "fileHash": "5a3614ff",
      "needsInterop": false
    },
    "chart.js": {
      "src": "../../../../../node_modules/chart.js/dist/chart.js",
      "file": "chart__js.js",
      "fileHash": "79cacc86",
      "needsInterop": false
    },
    "chartjs-adapter-date-fns": {
      "src": "../../../../../node_modules/chartjs-adapter-date-fns/dist/chartjs-adapter-date-fns.esm.js",
      "file": "chartjs-adapter-date-fns.js",
      "fileHash": "bb53b971",
      "needsInterop": false
    },
    "rxjs": {
      "src": "../../../../../node_modules/rxjs/dist/esm5/index.js",
      "file": "rxjs.js",
      "fileHash": "cfcff9af",
      "needsInterop": false
    },
    "rxjs/operators": {
      "src": "../../../../../node_modules/rxjs/dist/esm5/operators/index.js",
      "file": "rxjs_operators.js",
      "fileHash": "9620903f",
      "needsInterop": false
    },
    "sweetalert2": {
      "src": "../../../../../node_modules/sweetalert2/dist/sweetalert2.esm.all.js",
      "file": "sweetalert2.js",
      "fileHash": "76b1834c",
      "needsInterop": false
    }
  },
  "chunks": {
    "chunk-PVW66GTJ": {
      "file": "chunk-PVW66GTJ.js"
    },
    "chunk-6MZBRZ54": {
      "file": "chunk-6MZBRZ54.js"
    },
    "chunk-ZEGHIHRZ": {
      "file": "chunk-ZEGHIHRZ.js"
    },
    "chunk-RU5QBMYY": {
      "file": "chunk-RU5QBMYY.js"
    },
    "chunk-2DXLVW4Q": {
      "file": "chunk-2DXLVW4Q.js"
    },
    "chunk-LFVCTHGI": {
      "file": "chunk-LFVCTHGI.js"
    },
    "chunk-4RMHXXWK": {
      "file": "chunk-4RMHXXWK.js"
    },
    "chunk-AJN3JCM6": {
      "file": "chunk-AJN3JCM6.js"
    },
    "chunk-WDMUDEB6": {
      "file": "chunk-WDMUDEB6.js"
    }
  }
}